<?xml version='1.1' encoding='UTF-8'?>
<org.jvnet.hudson.plugins.thinbackup.ThinBackupPluginImpl plugin="thinBackup@1.9">
  <fullBackupSchedule>H 15 * * 1-5</fullBackupSchedule>
  <diffBackupSchedule>H 17 * * 1-5</diffBackupSchedule>
  <backupPath>/backup-jenkins</backupPath>
  <nrMaxStoredFull>3</nrMaxStoredFull>
  <excludedFilesRegex>^.*\.(log)$</excludedFilesRegex>
  <waitForIdle>false</waitForIdle>
  <forceQuietModeTimeout>120</forceQuietModeTimeout>
  <cleanupDiff>false</cleanupDiff>
  <moveOldBackupsToZipFile>true</moveOldBackupsToZipFile>
  <backupBuildResults>true</backupBuildResults>
  <backupBuildArchive>true</backupBuildArchive>
  <backupPluginArchives>true</backupPluginArchives>
  <backupUserContents>true</backupUserContents>
  <backupAdditionalFiles>false</backupAdditionalFiles>
  <backupAdditionalFilesRegex></backupAdditionalFilesRegex>
  <backupNextBuildNumber>true</backupNextBuildNumber>
  <backupBuildsToKeepOnly>false</backupBuildsToKeepOnly>
</org.jvnet.hudson.plugins.thinbackup.ThinBackupPluginImpl>